-- phpMyAdmin SQL Dump
-- version 4.5.1
-- http://www.phpmyadmin.net
--
-- Host: 127.0.0.1
-- Generation Time: 2016-05-05 03:52:43
-- 服务器版本： 10.1.10-MariaDB
-- PHP Version: 5.6.19

SET SQL_MODE = "NO_AUTO_VALUE_ON_ZERO";
SET time_zone = "+00:00";


/*!40101 SET @OLD_CHARACTER_SET_CLIENT=@@CHARACTER_SET_CLIENT */;
/*!40101 SET @OLD_CHARACTER_SET_RESULTS=@@CHARACTER_SET_RESULTS */;
/*!40101 SET @OLD_COLLATION_CONNECTION=@@COLLATION_CONNECTION */;
/*!40101 SET NAMES utf8mb4 */;

--
-- Database: `laravel51_blog`
--

-- --------------------------------------------------------

--
-- 表的结构 `jobs`
--

CREATE TABLE `jobs` (
  `id` bigint(20) UNSIGNED NOT NULL,
  `queue` varchar(255) COLLATE utf8_unicode_ci NOT NULL,
  `payload` longtext COLLATE utf8_unicode_ci NOT NULL,
  `attempts` tinyint(3) UNSIGNED NOT NULL,
  `reserved` tinyint(3) UNSIGNED NOT NULL,
  `reserved_at` int(10) UNSIGNED DEFAULT NULL,
  `available_at` int(10) UNSIGNED NOT NULL,
  `created_at` int(10) UNSIGNED NOT NULL
) ENGINE=InnoDB DEFAULT CHARSET=utf8 COLLATE=utf8_unicode_ci;

-- --------------------------------------------------------

--
-- 表的结构 `migrations`
--

CREATE TABLE `migrations` (
  `migration` varchar(255) COLLATE utf8_unicode_ci NOT NULL,
  `batch` int(11) NOT NULL
) ENGINE=InnoDB DEFAULT CHARSET=utf8 COLLATE=utf8_unicode_ci;

--
-- 转存表中的数据 `migrations`
--

INSERT INTO `migrations` (`migration`, `batch`) VALUES
('2014_10_12_000000_create_users_table', 1),
('2014_10_12_100000_create_password_resets_table', 1),
('2016_04_25_071053_create_posts_table', 1),
('2016_04_25_203436_create_tags_table', 2),
('2016_04_25_203514_create_post_tag_pivot', 2),
('2016_04_26_182827_restructure_posts_table', 3),
('2016_04_29_185833_create_jobs_table', 4);

-- --------------------------------------------------------

--
-- 表的结构 `password_resets`
--

CREATE TABLE `password_resets` (
  `email` varchar(255) COLLATE utf8_unicode_ci NOT NULL,
  `token` varchar(255) COLLATE utf8_unicode_ci NOT NULL,
  `created_at` timestamp NOT NULL DEFAULT '0000-00-00 00:00:00'
) ENGINE=InnoDB DEFAULT CHARSET=utf8 COLLATE=utf8_unicode_ci;

-- --------------------------------------------------------

--
-- 表的结构 `posts`
--

CREATE TABLE `posts` (
  `id` int(10) UNSIGNED NOT NULL,
  `slug` varchar(255) COLLATE utf8_unicode_ci NOT NULL,
  `title` varchar(255) COLLATE utf8_unicode_ci NOT NULL,
  `subtitle` varchar(255) COLLATE utf8_unicode_ci NOT NULL,
  `content_raw` text COLLATE utf8_unicode_ci NOT NULL,
  `content_html` text COLLATE utf8_unicode_ci NOT NULL,
  `page_image` varchar(255) COLLATE utf8_unicode_ci NOT NULL,
  `meta_description` varchar(255) COLLATE utf8_unicode_ci NOT NULL,
  `is_draft` tinyint(1) NOT NULL,
  `layout` varchar(255) COLLATE utf8_unicode_ci NOT NULL DEFAULT 'blog.layouts.post',
  `created_at` timestamp NOT NULL DEFAULT '0000-00-00 00:00:00',
  `updated_at` timestamp NOT NULL DEFAULT '0000-00-00 00:00:00',
  `published_at` timestamp NOT NULL DEFAULT '0000-00-00 00:00:00'
) ENGINE=InnoDB DEFAULT CHARSET=utf8 COLLATE=utf8_unicode_ci;

--
-- 转存表中的数据 `posts`
--

INSERT INTO `posts` (`id`, `slug`, `title`, `subtitle`, `content_raw`, `content_html`, `page_image`, `meta_description`, `is_draft`, `layout`, `created_at`, `updated_at`, `published_at`) VALUES
(1, 'sed-minima-numquam-consequatur-cumque-vel-nobis-eaque-debitis-molestiae', 'Sed minima numquam consequatur cumque vel nobis eaque debitis molestiae.', 'Dolor nemo vero distinctio voluptatibus in aperiam quo eos.', 'At sapiente beatae dolorem ut possimus eum in. Rerum enim quo et quia eum error ipsa. Dolorem tenetur officia velit voluptas neque. Ex sequi laudantium quidem eveniet rerum nihil ut.\n\nMinima sint voluptatem molestiae porro recusandae tempore. Exercitationem repudiandae voluptate nulla ab explicabo sit. Ea eveniet consectetur enim et consectetur numquam. Facilis maxime voluptatum cupiditate deserunt quidem eveniet et.\n\nIpsa et mollitia rerum unde. Et consequuntur alias occaecati sunt. Necessitatibus aut iusto cupiditate et et et quis. Qui et qui quis odio fugiat recusandae ut aut.\n\nDistinctio ut quisquam voluptate repudiandae et dolorum soluta sequi. A sit necessitatibus culpa quia eos. Ullam officiis non libero amet quasi placeat.', '<p>At sapiente beatae dolorem ut possimus eum in. Rerum enim quo et quia eum error ipsa. Dolorem tenetur officia velit voluptas neque. Ex sequi laudantium quidem eveniet rerum nihil ut.</p>\n\n<p>Minima sint voluptatem molestiae porro recusandae tempore. Exercitationem repudiandae voluptate nulla ab explicabo sit. Ea eveniet consectetur enim et consectetur numquam. Facilis maxime voluptatum cupiditate deserunt quidem eveniet et.</p>\n\n<p>Ipsa et mollitia rerum unde. Et consequuntur alias occaecati sunt. Necessitatibus aut iusto cupiditate et et et quis. Qui et qui quis odio fugiat recusandae ut aut.</p>\n\n<p>Distinctio ut quisquam voluptate repudiandae et dolorum soluta sequi. A sit necessitatibus culpa quia eos. Ullam officiis non libero amet quasi placeat.</p>\n', 'contact-bg.jpg', 'Meta for Sed minima numquam consequatur cumque vel nobis eaque debitis molestiae.', 0, 'blog.layouts.post', '0000-00-00 00:00:00', '0000-00-00 00:00:00', '2016-04-23 00:05:31'),
(2, 'possimus-sit-quidem-placeat', 'Possimus sit quidem placeat.', 'Dolor alias aut doloribus fugiat voluptatem eum ut voluptate vero.', ' 生命诚可贵 爱情价更高\r\n===================\r\nDistinctio sed officiis et. Nam optio cumque adipisci voluptate repellat magni rerum.\r\n\r\nOmnis iste ratione in consectetur sit. Dolorem qui perferendis nesciunt. Ut non aliquid explicabo odit quia. Vel et ut expedita aperiam quo libero aut facilis.\r\n\r\nDoloribus aut consequatur incidunt perferendis. Nihil totam omnis et. Totam odio molestias ipsam occaecati voluptas fuga quisquam doloribus.\r\n\r\nPlaceat est molestiae suscipit odit et. Nostrum rerum ipsam molestias laudantium facere odio porro. Enim cupiditate et saepe voluptatem libero repudiandae.\r\n\r\nTemporibus saepe doloribus natus et aliquam minima sit enim. Provident voluptas odit natus nobis. Occaecati porro voluptatem at quidem. Consequuntur et velit cum et natus perspiciatis eveniet.\r\n\r\nFacere velit quia sequi ratione ea consequatur. Velit necessitatibus quidem voluptate dolorem eos veniam voluptas vero. Sapiente suscipit modi quidem laboriosam.', '<h1> 生命诚可贵 爱情价更高</h1>\n\n<p>Distinctio sed officiis et. Nam optio cumque adipisci voluptate repellat magni rerum.</p>\n\n<p>Omnis iste ratione in consectetur sit. Dolorem qui perferendis nesciunt. Ut non aliquid explicabo odit quia. Vel et ut expedita aperiam quo libero aut facilis.</p>\n\n<p>Doloribus aut consequatur incidunt perferendis. Nihil totam omnis et. Totam odio molestias ipsam occaecati voluptas fuga quisquam doloribus.</p>\n\n<p>Placeat est molestiae suscipit odit et. Nostrum rerum ipsam molestias laudantium facere odio porro. Enim cupiditate et saepe voluptatem libero repudiandae.</p>\n\n<p>Temporibus saepe doloribus natus et aliquam minima sit enim. Provident voluptas odit natus nobis. Occaecati porro voluptatem at quidem. Consequuntur et velit cum et natus perspiciatis eveniet.</p>\n\n<p>Facere velit quia sequi ratione ea consequatur. Velit necessitatibus quidem voluptate dolorem eos veniam voluptas vero. Sapiente suscipit modi quidem laboriosam.</p>\n', 'contact-bg.jpg', '                                                                                                                                                                                    Meta for Possimus sit quidem placeat.\r\n                \r\n                \r\n', 0, 'blog.layouts.post', '0000-00-00 00:00:00', '2016-04-29 06:13:40', '2016-04-27 14:08:00'),
(3, 'in-dignissimos-repellendus-repellendus-aut-saepe-dolorem-ex-nulla-tempora-itaque', 'In dignissimos repellendus repellendus aut saepe dolorem ex nulla tempora itaque.', 'Ut eligendi et modi quas est sed voluptatibus reprehenderit dolor excepturi molestiae tenetur in incidunt et et.', 'Inventore consequatur est suscipit dicta. Occaecati alias tempora libero perspiciatis minima. Architecto aut id itaque molestiae.\n\nEos rerum accusamus accusantium et quod qui. Necessitatibus ipsa autem unde vitae sint itaque aut eius. Consequuntur est ipsam minima ipsa.\n\nOfficiis vel dolor fugiat vel laudantium recusandae ullam eum. Repellendus dolor autem accusamus dolore. Autem nisi molestiae quis adipisci. Totam fuga et aut odio est.\n\nEst ipsam culpa sit harum nostrum dolorem officiis. Et officia praesentium quia est molestias. Qui omnis non sequi quis.\n\nQuo vel repellendus at praesentium illo et sed. Provident nisi id blanditiis eaque. Incidunt vitae cumque quo omnis quasi libero sit.', '<p>Inventore consequatur est suscipit dicta. Occaecati alias tempora libero perspiciatis minima. Architecto aut id itaque molestiae.</p>\n\n<p>Eos rerum accusamus accusantium et quod qui. Necessitatibus ipsa autem unde vitae sint itaque aut eius. Consequuntur est ipsam minima ipsa.</p>\n\n<p>Officiis vel dolor fugiat vel laudantium recusandae ullam eum. Repellendus dolor autem accusamus dolore. Autem nisi molestiae quis adipisci. Totam fuga et aut odio est.</p>\n\n<p>Est ipsam culpa sit harum nostrum dolorem officiis. Et officia praesentium quia est molestias. Qui omnis non sequi quis.</p>\n\n<p>Quo vel repellendus at praesentium illo et sed. Provident nisi id blanditiis eaque. Incidunt vitae cumque quo omnis quasi libero sit.</p>\n', 'post-bg.jpg', 'Meta for In dignissimos repellendus repellendus aut saepe dolorem ex nulla tempora itaque.', 0, 'blog.layouts.post', '0000-00-00 00:00:00', '0000-00-00 00:00:00', '2016-04-21 17:01:02'),
(4, 'nostrum-nostrum-sed-neque-voluptatem-quam-aspernatur', 'Nostrum nostrum sed neque voluptatem quam aspernatur.', 'Commodi qui error blanditiis in eum maiores unde et odio rerum et officiis consequatur omnis deleniti architecto dolor dolorum est corrupti esse.', 'Dolorem et sed consequatur tempora quam nihil aliquam. Magni voluptatum rerum ipsa ad debitis. Dignissimos quia rerum dolores.\n\nEligendi pariatur omnis nesciunt quae. Similique sit est totam nisi eveniet incidunt. Repellat et ex officia sunt id eligendi. Animi vel et dolore voluptatem perspiciatis inventore.\n\nConsequatur ea temporibus omnis voluptatem voluptas neque aut. Enim labore sunt veritatis. Explicabo voluptatem quis soluta itaque. Tenetur vero vel cum aliquid ex aliquam dolor rerum. Harum saepe sed delectus molestiae eos quasi.', '<p>Dolorem et sed consequatur tempora quam nihil aliquam. Magni voluptatum rerum ipsa ad debitis. Dignissimos quia rerum dolores.</p>\n\n<p>Eligendi pariatur omnis nesciunt quae. Similique sit est totam nisi eveniet incidunt. Repellat et ex officia sunt id eligendi. Animi vel et dolore voluptatem perspiciatis inventore.</p>\n\n<p>Consequatur ea temporibus omnis voluptatem voluptas neque aut. Enim labore sunt veritatis. Explicabo voluptatem quis soluta itaque. Tenetur vero vel cum aliquid ex aliquam dolor rerum. Harum saepe sed delectus molestiae eos quasi.</p>\n', 'post-bg.jpg', 'Meta for Nostrum nostrum sed neque voluptatem quam aspernatur.', 0, 'blog.layouts.post', '0000-00-00 00:00:00', '0000-00-00 00:00:00', '2016-04-25 11:49:29'),
(5, 'accusamus-voluptatem-eius-libero-possimus-id-inventore', 'Accusamus voluptatem eius libero possimus id inventore.', 'Cupiditate eveniet inventore eum voluptate reiciendis odit nulla et est non architecto possimus odit quae aliquam consequuntur voluptates quia.', 'Sunt dolor ut hic quae ipsa. Vero accusantium dolorum eveniet dignissimos. Est earum ut ut sapiente aliquid quos. Consequatur blanditiis repellendus quis occaecati et.\n\nAb ducimus autem sed vitae est. Est quisquam dolores autem qui ea laborum. Magni et repellat corrupti quibusdam voluptatem voluptatibus. Qui voluptate sit ratione adipisci vel facilis tempora vitae.\n\nQuae corrupti in vitae quis cupiditate earum sint suscipit. Excepturi dolor incidunt voluptatibus ut. Adipisci excepturi et delectus eum tempore velit. Enim aut similique accusantium vero. At officia soluta similique perferendis.\n\nQuisquam dolor est porro itaque deleniti eius maxime. Pariatur qui id modi aut. Fugiat quod enim velit quia.', '<p>Sunt dolor ut hic quae ipsa. Vero accusantium dolorum eveniet dignissimos. Est earum ut ut sapiente aliquid quos. Consequatur blanditiis repellendus quis occaecati et.</p>\n\n<p>Ab ducimus autem sed vitae est. Est quisquam dolores autem qui ea laborum. Magni et repellat corrupti quibusdam voluptatem voluptatibus. Qui voluptate sit ratione adipisci vel facilis tempora vitae.</p>\n\n<p>Quae corrupti in vitae quis cupiditate earum sint suscipit. Excepturi dolor incidunt voluptatibus ut. Adipisci excepturi et delectus eum tempore velit. Enim aut similique accusantium vero. At officia soluta similique perferendis.</p>\n\n<p>Quisquam dolor est porro itaque deleniti eius maxime. Pariatur qui id modi aut. Fugiat quod enim velit quia.</p>\n', 'contact-bg.jpg', 'Meta for Accusamus voluptatem eius libero possimus id inventore.', 0, 'blog.layouts.post', '0000-00-00 00:00:00', '0000-00-00 00:00:00', '2016-04-12 07:02:11'),
(6, 'voluptatibus-officiis-optio', 'Voluptatibus officiis optio.', 'Nihil consequatur id et quam quibusdam quisquam amet odit quas repellat quia similique.', 'Blanditiis sed excepturi aperiam qui error debitis. Omnis optio temporibus consectetur cumque. Similique adipisci laborum impedit vel laboriosam.\n\nDeserunt exercitationem nihil eos doloremque ipsum nihil. Aut non facere qui non maiores laborum qui. Beatae rem possimus nostrum blanditiis iure et illum id.\n\nReprehenderit nisi dicta sit qui omnis nostrum. Voluptatem molestiae pariatur repudiandae blanditiis nisi dolores recusandae quidem. Quia voluptatem maiores quos accusantium. Blanditiis aut fuga nihil laborum ea sit rerum eius. Non labore sapiente vero aut voluptates.\n\nQuia sunt rem et rerum dolorem facere vitae. Voluptatem ullam perferendis vitae vero. Voluptatum laudantium dolorem tempore minus quia quidem ipsum cumque.\n\nRerum asperiores provident laudantium natus cupiditate aut. Impedit nam autem eveniet necessitatibus est saepe exercitationem in. Et sunt eos voluptatibus corporis. Magnam omnis nemo eius ut a.', '<p>Blanditiis sed excepturi aperiam qui error debitis. Omnis optio temporibus consectetur cumque. Similique adipisci laborum impedit vel laboriosam.</p>\n\n<p>Deserunt exercitationem nihil eos doloremque ipsum nihil. Aut non facere qui non maiores laborum qui. Beatae rem possimus nostrum blanditiis iure et illum id.</p>\n\n<p>Reprehenderit nisi dicta sit qui omnis nostrum. Voluptatem molestiae pariatur repudiandae blanditiis nisi dolores recusandae quidem. Quia voluptatem maiores quos accusantium. Blanditiis aut fuga nihil laborum ea sit rerum eius. Non labore sapiente vero aut voluptates.</p>\n\n<p>Quia sunt rem et rerum dolorem facere vitae. Voluptatem ullam perferendis vitae vero. Voluptatum laudantium dolorem tempore minus quia quidem ipsum cumque.</p>\n\n<p>Rerum asperiores provident laudantium natus cupiditate aut. Impedit nam autem eveniet necessitatibus est saepe exercitationem in. Et sunt eos voluptatibus corporis. Magnam omnis nemo eius ut a.</p>\n', 'post-bg.jpg', 'Meta for Voluptatibus officiis optio.', 0, 'blog.layouts.post', '0000-00-00 00:00:00', '0000-00-00 00:00:00', '2016-04-07 04:43:32'),
(7, 'esse-perferendis-excepturi-excepturi', 'Esse perferendis excepturi excepturi.', 'Ipsam nemo at eos modi et aut repellendus ut aspernatur expedita adipisci.', 'At qui temporibus veritatis eum sed ut sit. Molestiae autem quis rerum inventore fugit consequuntur. Suscipit saepe et non quasi et.\n\nTemporibus neque et esse unde deleniti vitae. Enim delectus temporibus dolor qui. Officiis consequuntur praesentium nisi enim consequatur itaque possimus.\n\nAd vitae corrupti recusandae molestias voluptatem. Tempora voluptatem voluptas et. At nobis alias non excepturi possimus. Voluptate quos quas iste amet facilis neque.\n\nDistinctio deleniti vel corporis quod non voluptatibus. Qui porro provident asperiores. Molestias ut explicabo odit vel ex dolorum dicta aliquam.\n\nDoloremque voluptates tenetur assumenda atque quae voluptatem. Occaecati quod laudantium impedit facere saepe nobis. Dolore explicabo pariatur et voluptatem dolorum. Voluptatem sunt totam ducimus perferendis.', '<p>At qui temporibus veritatis eum sed ut sit. Molestiae autem quis rerum inventore fugit consequuntur. Suscipit saepe et non quasi et.</p>\n\n<p>Temporibus neque et esse unde deleniti vitae. Enim delectus temporibus dolor qui. Officiis consequuntur praesentium nisi enim consequatur itaque possimus.</p>\n\n<p>Ad vitae corrupti recusandae molestias voluptatem. Tempora voluptatem voluptas et. At nobis alias non excepturi possimus. Voluptate quos quas iste amet facilis neque.</p>\n\n<p>Distinctio deleniti vel corporis quod non voluptatibus. Qui porro provident asperiores. Molestias ut explicabo odit vel ex dolorum dicta aliquam.</p>\n\n<p>Doloremque voluptates tenetur assumenda atque quae voluptatem. Occaecati quod laudantium impedit facere saepe nobis. Dolore explicabo pariatur et voluptatem dolorum. Voluptatem sunt totam ducimus perferendis.</p>\n', 'home-bg.jpg', 'Meta for Esse perferendis excepturi excepturi.', 0, 'blog.layouts.post', '0000-00-00 00:00:00', '0000-00-00 00:00:00', '2016-03-29 06:58:35'),
(8, 'reprehenderit-esse-vel-ut-ab-nihil-quia-molestiae-distinctio-earum', 'Reprehenderit esse vel ut ab nihil quia molestiae distinctio earum.', 'Sint dignissimos vero accusantium accusamus et et autem ab provident iure aliquam.', 'Delectus optio consectetur voluptas consequuntur possimus quas. Nemo non aspernatur est magni ut voluptatem dolores repellat. Quia ut perferendis cupiditate vel.\n\nEaque ea magni maxime provident dolor qui. Velit eveniet optio occaecati totam et. Temporibus voluptatem dicta distinctio amet dolor quaerat. Pariatur labore autem esse numquam quae aut.\n\nSed et aut voluptatem officiis. Id distinctio ipsum sed praesentium in sit doloremque quas. Delectus quidem inventore non aliquid. Et eligendi expedita eaque aut minus.', '<p>Delectus optio consectetur voluptas consequuntur possimus quas. Nemo non aspernatur est magni ut voluptatem dolores repellat. Quia ut perferendis cupiditate vel.</p>\n\n<p>Eaque ea magni maxime provident dolor qui. Velit eveniet optio occaecati totam et. Temporibus voluptatem dicta distinctio amet dolor quaerat. Pariatur labore autem esse numquam quae aut.</p>\n\n<p>Sed et aut voluptatem officiis. Id distinctio ipsum sed praesentium in sit doloremque quas. Delectus quidem inventore non aliquid. Et eligendi expedita eaque aut minus.</p>\n', 'about-bg.jpg', 'Meta for Reprehenderit esse vel ut ab nihil quia molestiae distinctio earum.', 0, 'blog.layouts.post', '0000-00-00 00:00:00', '0000-00-00 00:00:00', '2016-04-17 08:02:38'),
(9, 'sed-temporibus-aut-qui-harum-totam-necessitatibus-ipsam-qui', 'Sed temporibus aut qui harum totam necessitatibus ipsam qui.', 'Quis reprehenderit porro facere deserunt qui odio quia.', 'Tenetur architecto officiis ipsum mollitia mollitia error. Delectus et aperiam et labore.\n\nQui libero et ad qui ipsum. Aliquid libero possimus quo similique. Itaque nemo deleniti molestias aut quo est. Id hic quibusdam a ad. Et ea placeat quaerat est tempora.\n\nUt qui itaque et aliquam. Explicabo atque eum quasi voluptatibus. Architecto quam sunt vitae. Eum iste at quaerat.\n\nPerferendis vel magni non odit aut et. Nemo saepe dolores perspiciatis non adipisci. At et ut nihil nihil qui non.\n\nEligendi animi placeat labore autem. Error quis officia accusamus voluptas dolore dicta corrupti. Expedita sunt dolor occaecati ut ipsa. Ut possimus perspiciatis sit similique atque ut.', '<p>Tenetur architecto officiis ipsum mollitia mollitia error. Delectus et aperiam et labore.</p>\n\n<p>Qui libero et ad qui ipsum. Aliquid libero possimus quo similique. Itaque nemo deleniti molestias aut quo est. Id hic quibusdam a ad. Et ea placeat quaerat est tempora.</p>\n\n<p>Ut qui itaque et aliquam. Explicabo atque eum quasi voluptatibus. Architecto quam sunt vitae. Eum iste at quaerat.</p>\n\n<p>Perferendis vel magni non odit aut et. Nemo saepe dolores perspiciatis non adipisci. At et ut nihil nihil qui non.</p>\n\n<p>Eligendi animi placeat labore autem. Error quis officia accusamus voluptas dolore dicta corrupti. Expedita sunt dolor occaecati ut ipsa. Ut possimus perspiciatis sit similique atque ut.</p>\n', 'post-bg.jpg', 'Meta for Sed temporibus aut qui harum totam necessitatibus ipsam qui.', 0, 'blog.layouts.post', '0000-00-00 00:00:00', '0000-00-00 00:00:00', '2016-04-21 02:55:08'),
(10, 'pariatur-sit-molestiae-et-ut', 'Pariatur sit molestiae et ut.', 'Inventore dolor consequatur deserunt in quas nam voluptas ea qui deserunt dolores.', 'Fugiat voluptatum et et qui quia. Repellendus delectus unde est esse nam praesentium maiores.\n\nFugiat voluptatem totam aliquam quia eius. Doloremque modi eaque quia fugiat rerum modi tenetur voluptatibus. Ut voluptatum ipsam vitae officiis magnam quaerat eaque quod. Aperiam quam saepe ea aut nobis alias. Commodi sint suscipit ratione nisi repellat sit.\n\nQuia aperiam porro ratione perferendis qui non. At sequi doloremque debitis animi. Iusto ut ea minus qui voluptate quos molestiae. Assumenda repellendus rerum eligendi architecto expedita.\n\nDolorem velit nostrum aut eum omnis numquam deleniti quod. Non omnis rerum molestiae similique mollitia ratione. Enim consequatur unde consequatur. At assumenda molestiae est autem tempore voluptas qui.\n\nOmnis optio debitis inventore voluptas quos ratione dicta. Fugit qui placeat sit aut ducimus. Totam est eos dolor qui.\n\nNon repellendus eveniet doloribus quod expedita optio beatae. Laudantium omnis dicta nam unde sint distinctio ut. Quia ea qui consectetur. Tempore dolorum dolor enim.', '<p>Fugiat voluptatum et et qui quia. Repellendus delectus unde est esse nam praesentium maiores.</p>\n\n<p>Fugiat voluptatem totam aliquam quia eius. Doloremque modi eaque quia fugiat rerum modi tenetur voluptatibus. Ut voluptatum ipsam vitae officiis magnam quaerat eaque quod. Aperiam quam saepe ea aut nobis alias. Commodi sint suscipit ratione nisi repellat sit.</p>\n\n<p>Quia aperiam porro ratione perferendis qui non. At sequi doloremque debitis animi. Iusto ut ea minus qui voluptate quos molestiae. Assumenda repellendus rerum eligendi architecto expedita.</p>\n\n<p>Dolorem velit nostrum aut eum omnis numquam deleniti quod. Non omnis rerum molestiae similique mollitia ratione. Enim consequatur unde consequatur. At assumenda molestiae est autem tempore voluptas qui.</p>\n\n<p>Omnis optio debitis inventore voluptas quos ratione dicta. Fugit qui placeat sit aut ducimus. Totam est eos dolor qui.</p>\n\n<p>Non repellendus eveniet doloribus quod expedita optio beatae. Laudantium omnis dicta nam unde sint distinctio ut. Quia ea qui consectetur. Tempore dolorum dolor enim.</p>\n', 'about-bg.jpg', 'Meta for Pariatur sit molestiae et ut.', 0, 'blog.layouts.post', '0000-00-00 00:00:00', '0000-00-00 00:00:00', '2016-04-12 14:23:28'),
(11, 'sapiente-et-autem-aliquam-nesciunt-veniam-error-alias-dolorum', 'Sapiente et autem aliquam nesciunt veniam error alias dolorum.', 'Nesciunt quod qui reprehenderit et delectus similique vero eveniet qui omnis non qui quo.', 'Ut possimus illo architecto inventore. Accusantium omnis voluptatem quaerat quas explicabo aliquid. Enim et nostrum ea sunt natus.\n\nSint repudiandae laborum eos voluptas tempora aut. Dolorem ut sunt repellat optio deleniti. Sed perspiciatis labore consequuntur explicabo dolor minima. Eos est ut sapiente natus molestiae voluptate.\n\nQui maiores dicta voluptatem qui ut veritatis veniam. Dolorum sunt alias aut libero deleniti. Non libero aut non qui. Voluptates fugit commodi qui qui.', '<p>Ut possimus illo architecto inventore. Accusantium omnis voluptatem quaerat quas explicabo aliquid. Enim et nostrum ea sunt natus.</p>\n\n<p>Sint repudiandae laborum eos voluptas tempora aut. Dolorem ut sunt repellat optio deleniti. Sed perspiciatis labore consequuntur explicabo dolor minima. Eos est ut sapiente natus molestiae voluptate.</p>\n\n<p>Qui maiores dicta voluptatem qui ut veritatis veniam. Dolorum sunt alias aut libero deleniti. Non libero aut non qui. Voluptates fugit commodi qui qui.</p>\n', 'about-bg.jpg', 'Meta for Sapiente et autem aliquam nesciunt veniam error alias dolorum.', 0, 'blog.layouts.post', '0000-00-00 00:00:00', '0000-00-00 00:00:00', '2016-04-13 16:46:56'),
(12, 'nisi-et-qui', 'Nisi et qui.', 'Facilis quia repudiandae ullam assumenda animi eum ut ad assumenda iusto ea tempora id.', 'Amet voluptates recusandae exercitationem. Aut facilis aspernatur ea impedit.\n\nMinima asperiores in voluptates. Qui corporis voluptatem quo a aliquam suscipit. Consequatur nihil tempora facere quasi quasi repellendus est.\n\nEligendi est maiores error. Dolor voluptatem et commodi tenetur ut sed beatae sit. Eos dolor sint ut. Asperiores dicta eum sed molestias aut est saepe perferendis.\n\nUt corrupti aut voluptas molestiae reprehenderit aut. Perferendis quisquam vel ad. Et ab optio et.\n\nSit voluptas aut amet optio. Magnam explicabo maxime consequatur eum nemo inventore sint dolor. Ducimus odit error debitis autem odit et. Aut rem tenetur sapiente impedit ea molestias aut.', '<p>Amet voluptates recusandae exercitationem. Aut facilis aspernatur ea impedit.</p>\n\n<p>Minima asperiores in voluptates. Qui corporis voluptatem quo a aliquam suscipit. Consequatur nihil tempora facere quasi quasi repellendus est.</p>\n\n<p>Eligendi est maiores error. Dolor voluptatem et commodi tenetur ut sed beatae sit. Eos dolor sint ut. Asperiores dicta eum sed molestias aut est saepe perferendis.</p>\n\n<p>Ut corrupti aut voluptas molestiae reprehenderit aut. Perferendis quisquam vel ad. Et ab optio et.</p>\n\n<p>Sit voluptas aut amet optio. Magnam explicabo maxime consequatur eum nemo inventore sint dolor. Ducimus odit error debitis autem odit et. Aut rem tenetur sapiente impedit ea molestias aut.</p>\n', 'about-bg.jpg', 'Meta for Nisi et qui.', 0, 'blog.layouts.post', '0000-00-00 00:00:00', '0000-00-00 00:00:00', '2016-04-19 18:37:49'),
(13, 'in-debitis-dolor-blanditiis-rem-saepe', 'In debitis dolor blanditiis rem saepe.', 'Sint quidem odit ullam maiores hic fuga enim quisquam magni accusantium aut.', 'Voluptate quidem nihil minus non. Fuga consequatur nihil sint. Harum blanditiis eum sit aliquam recusandae velit.\n\nSapiente ab sunt odio incidunt est amet. Vel sint ut aut dolorem molestiae aut a. Illum modi quia dolorum non mollitia.\n\nAliquid sit eos est sit veritatis aut. Est laudantium quasi amet enim debitis accusamus. Aliquam consequatur similique distinctio et voluptatem. Sit rem alias omnis asperiores iusto molestiae.\n\nArchitecto sint ad incidunt dolorem accusamus doloribus voluptatem sequi. Labore omnis ab sit ipsam animi optio est. Vitae quia dolor in dignissimos. Sed cum quia eum similique ratione.\n\nVoluptatem libero alias nihil molestias iusto eaque. Accusamus ipsum vel ut molestiae et autem. Aut architecto suscipit voluptatem veniam quidem.\n\nAt non provident cupiditate pariatur et et distinctio. Ea amet ut quo dicta dolor. Qui rerum illo qui unde consequuntur molestiae magni necessitatibus.', '<p>Voluptate quidem nihil minus non. Fuga consequatur nihil sint. Harum blanditiis eum sit aliquam recusandae velit.</p>\n\n<p>Sapiente ab sunt odio incidunt est amet. Vel sint ut aut dolorem molestiae aut a. Illum modi quia dolorum non mollitia.</p>\n\n<p>Aliquid sit eos est sit veritatis aut. Est laudantium quasi amet enim debitis accusamus. Aliquam consequatur similique distinctio et voluptatem. Sit rem alias omnis asperiores iusto molestiae.</p>\n\n<p>Architecto sint ad incidunt dolorem accusamus doloribus voluptatem sequi. Labore omnis ab sit ipsam animi optio est. Vitae quia dolor in dignissimos. Sed cum quia eum similique ratione.</p>\n\n<p>Voluptatem libero alias nihil molestias iusto eaque. Accusamus ipsum vel ut molestiae et autem. Aut architecto suscipit voluptatem veniam quidem.</p>\n\n<p>At non provident cupiditate pariatur et et distinctio. Ea amet ut quo dicta dolor. Qui rerum illo qui unde consequuntur molestiae magni necessitatibus.</p>\n', 'post-bg.jpg', 'Meta for In debitis dolor blanditiis rem saepe.', 0, 'blog.layouts.post', '0000-00-00 00:00:00', '0000-00-00 00:00:00', '2016-04-10 05:10:50'),
(14, 'rem-saepe-quaerat-occaecati-ut-saepe-aut-cum', 'Rem saepe quaerat occaecati ut saepe aut cum.', 'Molestiae iste eveniet veniam dolores quidem debitis reiciendis pariatur temporibus beatae et qui qui nemo.', 'Veritatis ipsum magni fuga unde deleniti assumenda qui. At voluptatem aliquam recusandae ut rerum vel ut. Molestiae dicta ipsum ut voluptatem ex ex aut.\n\nNam facere consequuntur sed voluptatem tenetur rerum. Dignissimos minima vel nostrum odio sequi rem sapiente. Dolorum temporibus ipsa minima ducimus et sint cum. Non placeat qui itaque perferendis consequatur.\n\nAd in dolores voluptatem est. Voluptates saepe molestiae explicabo autem a. Quia voluptates nihil labore quas. Enim unde dolor quos quos.\n\nQuis ad rerum accusamus voluptates iure consequatur. Nam ut aut omnis et quasi maiores ea ut. Voluptates velit aut rerum quasi eveniet consequuntur quia fuga. Reprehenderit magni asperiores dolores a quidem ex.', '<p>Veritatis ipsum magni fuga unde deleniti assumenda qui. At voluptatem aliquam recusandae ut rerum vel ut. Molestiae dicta ipsum ut voluptatem ex ex aut.</p>\n\n<p>Nam facere consequuntur sed voluptatem tenetur rerum. Dignissimos minima vel nostrum odio sequi rem sapiente. Dolorum temporibus ipsa minima ducimus et sint cum. Non placeat qui itaque perferendis consequatur.</p>\n\n<p>Ad in dolores voluptatem est. Voluptates saepe molestiae explicabo autem a. Quia voluptates nihil labore quas. Enim unde dolor quos quos.</p>\n\n<p>Quis ad rerum accusamus voluptates iure consequatur. Nam ut aut omnis et quasi maiores ea ut. Voluptates velit aut rerum quasi eveniet consequuntur quia fuga. Reprehenderit magni asperiores dolores a quidem ex.</p>\n', 'contact-bg.jpg', 'Meta for Rem saepe quaerat occaecati ut saepe aut cum.', 0, 'blog.layouts.post', '0000-00-00 00:00:00', '0000-00-00 00:00:00', '2016-03-28 15:13:24'),
(15, 'alias-perspiciatis-nihil-corporis-repellendus', 'Alias perspiciatis nihil corporis repellendus.', 'Dolores aut aut numquam quis provident illum veniam molestiae similique est vel ex amet omnis earum numquam voluptatem harum impedit cumque.', 'Ut minima corrupti necessitatibus qui velit vel illo ut. Autem itaque rem modi eos eius. Magnam quia eum est ea consectetur fuga tenetur.\n\nRem doloribus excepturi quia est et. Quis consequatur ipsum dolores et et expedita laborum. Aut nihil eligendi at asperiores modi. Fugit eaque ut cumque enim repellat placeat.\n\nAperiam tempora possimus labore sed. Omnis hic at voluptatem maiores. Dolores velit sunt quos ipsum exercitationem molestiae eligendi.\n\nEt et veritatis qui veniam. Perspiciatis id aut et facere minima labore. Eos non eligendi voluptatum ipsam qui.', '<p>Ut minima corrupti necessitatibus qui velit vel illo ut. Autem itaque rem modi eos eius. Magnam quia eum est ea consectetur fuga tenetur.</p>\n\n<p>Rem doloribus excepturi quia est et. Quis consequatur ipsum dolores et et expedita laborum. Aut nihil eligendi at asperiores modi. Fugit eaque ut cumque enim repellat placeat.</p>\n\n<p>Aperiam tempora possimus labore sed. Omnis hic at voluptatem maiores. Dolores velit sunt quos ipsum exercitationem molestiae eligendi.</p>\n\n<p>Et et veritatis qui veniam. Perspiciatis id aut et facere minima labore. Eos non eligendi voluptatum ipsam qui.</p>\n', 'about-bg.jpg', 'Meta for Alias perspiciatis nihil corporis repellendus.', 0, 'blog.layouts.post', '0000-00-00 00:00:00', '0000-00-00 00:00:00', '2016-04-15 02:34:00'),
(16, 'quia-deserunt-in-aliquid-voluptatum-voluptatum-ut-aut-nulla-consectetur-velit-laborum', 'Quia deserunt in aliquid voluptatum voluptatum ut aut nulla consectetur velit laborum.', 'Magnam est sequi aut alias velit voluptates pariatur ab et quod ea.', 'In assumenda fuga eaque perferendis dicta velit quae. Error consequatur repudiandae enim. Repellat debitis eveniet quas cum. Nesciunt assumenda atque aut.\n\nConsectetur vitae assumenda optio unde id numquam quidem iste. Fuga inventore explicabo voluptatibus facere ut dicta.\n\nTempore quaerat esse molestias vel sed. Illum nesciunt dolores aut dolorem repellat ea. Sequi ad ut ut facilis ut impedit unde.', '<p>In assumenda fuga eaque perferendis dicta velit quae. Error consequatur repudiandae enim. Repellat debitis eveniet quas cum. Nesciunt assumenda atque aut.</p>\n\n<p>Consectetur vitae assumenda optio unde id numquam quidem iste. Fuga inventore explicabo voluptatibus facere ut dicta.</p>\n\n<p>Tempore quaerat esse molestias vel sed. Illum nesciunt dolores aut dolorem repellat ea. Sequi ad ut ut facilis ut impedit unde.</p>\n', 'post-bg.jpg', 'Meta for Quia deserunt in aliquid voluptatum voluptatum ut aut nulla consectetur velit laborum.', 0, 'blog.layouts.post', '0000-00-00 00:00:00', '0000-00-00 00:00:00', '2016-04-07 15:24:08'),
(17, 'quae-vero-maxime-corrupti', 'Quae vero maxime corrupti.', 'Est reiciendis corporis sit nostrum adipisci quibusdam accusantium quia.', 'In delectus doloremque ipsum. Eaque sint consectetur adipisci natus quia velit nemo. Ea a exercitationem rem dolor voluptatem esse quas sint. Rerum nihil cum et eos eaque quas.\n\nDignissimos nam sunt sed accusantium. Quia nihil omnis temporibus excepturi beatae magnam. Autem at accusamus autem nesciunt amet quaerat qui. Incidunt sed est alias itaque iure porro.\n\nVitae dolores necessitatibus voluptatem dignissimos dolorem et. Non qui tenetur at consequatur.\n\nVoluptatem ut quidem sunt qui aut aut. Fugiat quas et minus doloremque natus omnis. Quibusdam voluptate deleniti dignissimos et.\n\nEligendi culpa omnis ut quas soluta aut. Esse culpa ut eum. Distinctio occaecati aut numquam suscipit et id et. Expedita velit occaecati unde vel odit eveniet ea. Odit unde totam voluptas praesentium.', '<p>In delectus doloremque ipsum. Eaque sint consectetur adipisci natus quia velit nemo. Ea a exercitationem rem dolor voluptatem esse quas sint. Rerum nihil cum et eos eaque quas.</p>\n\n<p>Dignissimos nam sunt sed accusantium. Quia nihil omnis temporibus excepturi beatae magnam. Autem at accusamus autem nesciunt amet quaerat qui. Incidunt sed est alias itaque iure porro.</p>\n\n<p>Vitae dolores necessitatibus voluptatem dignissimos dolorem et. Non qui tenetur at consequatur.</p>\n\n<p>Voluptatem ut quidem sunt qui aut aut. Fugiat quas et minus doloremque natus omnis. Quibusdam voluptate deleniti dignissimos et.</p>\n\n<p>Eligendi culpa omnis ut quas soluta aut. Esse culpa ut eum. Distinctio occaecati aut numquam suscipit et id et. Expedita velit occaecati unde vel odit eveniet ea. Odit unde totam voluptas praesentium.</p>\n', 'home-bg.jpg', 'Meta for Quae vero maxime corrupti.', 0, 'blog.layouts.post', '0000-00-00 00:00:00', '0000-00-00 00:00:00', '2016-04-15 01:02:02'),
(18, 'enim-quis-ipsum-numquam-architecto', 'Enim quis ipsum numquam architecto.', 'Natus qui sed tempora animi doloribus quis quia dolorum asperiores temporibus in in cumque debitis.', 'Quia dolores perspiciatis a corrupti quibusdam eum pariatur. Est consequatur doloremque laudantium incidunt aut rerum pariatur. Pariatur inventore consequatur non et tempora ab aut. Esse molestiae illum tenetur expedita.\n\nVoluptate dolorem qui tenetur et ut occaecati assumenda. Tempora aut corrupti autem nihil aut quod et. Non animi ipsa sunt itaque. Enim ad qui et natus cum reiciendis incidunt.\n\nSint autem omnis consectetur est et nobis et. Magni sint voluptas aut rerum dolorem. Sed voluptate aliquid libero omnis quibusdam eos omnis tenetur. Autem adipisci eaque dolor sequi ad.\n\nEst doloribus ab laboriosam facilis distinctio et occaecati. Aut sint laboriosam cupiditate vel ad reprehenderit harum. Perferendis quidem ipsam sapiente dolor.\n\nQuis iusto amet ullam facilis explicabo laboriosam. Est aliquid cupiditate nobis omnis dicta aut est. Rerum voluptas enim consequuntur voluptas est voluptatem aperiam. Nisi nihil et vel est amet perferendis est.', '<p>Quia dolores perspiciatis a corrupti quibusdam eum pariatur. Est consequatur doloremque laudantium incidunt aut rerum pariatur. Pariatur inventore consequatur non et tempora ab aut. Esse molestiae illum tenetur expedita.</p>\n\n<p>Voluptate dolorem qui tenetur et ut occaecati assumenda. Tempora aut corrupti autem nihil aut quod et. Non animi ipsa sunt itaque. Enim ad qui et natus cum reiciendis incidunt.</p>\n\n<p>Sint autem omnis consectetur est et nobis et. Magni sint voluptas aut rerum dolorem. Sed voluptate aliquid libero omnis quibusdam eos omnis tenetur. Autem adipisci eaque dolor sequi ad.</p>\n\n<p>Est doloribus ab laboriosam facilis distinctio et occaecati. Aut sint laboriosam cupiditate vel ad reprehenderit harum. Perferendis quidem ipsam sapiente dolor.</p>\n\n<p>Quis iusto amet ullam facilis explicabo laboriosam. Est aliquid cupiditate nobis omnis dicta aut est. Rerum voluptas enim consequuntur voluptas est voluptatem aperiam. Nisi nihil et vel est amet perferendis est.</p>\n', 'post-bg.jpg', 'Meta for Enim quis ipsum numquam architecto.', 0, 'blog.layouts.post', '0000-00-00 00:00:00', '0000-00-00 00:00:00', '2016-04-03 17:46:54'),
(19, 'perferendis-eveniet-quo-architecto-quae-dolorum-quaerat-qui-et-repudiandae-qui-in-et-ducimus', 'Perferendis eveniet quo architecto quae dolorum quaerat qui et repudiandae qui in et ducimus.', 'Aspernatur molestias assumenda et temporibus minima esse ratione dolore quis autem consequatur incidunt nihil id et distinctio.', 'Sunt odit sint tenetur et animi voluptatum. Sequi enim at deleniti distinctio et ut.\n\nHic et quibusdam inventore quas et iure qui. At id nulla et.\n\nEt voluptates omnis consequatur et. Esse ab officiis expedita omnis et qui impedit dicta.\n\nEt ratione iste quaerat. Illum assumenda magni rerum animi iure repellat. Praesentium dignissimos assumenda velit.\n\nEt fugit blanditiis est sit nihil nobis id. Ipsam distinctio voluptatem unde illo. Est perspiciatis ut quam ut. Sit vitae doloribus possimus omnis ullam.\n\nMagnam quas voluptatum ab repellat qui. Velit velit repellendus quaerat et. Quos iure ullam magnam similique non. Quia saepe et est aut qui accusamus et.', '<p>Sunt odit sint tenetur et animi voluptatum. Sequi enim at deleniti distinctio et ut.</p>\n\n<p>Hic et quibusdam inventore quas et iure qui. At id nulla et.</p>\n\n<p>Et voluptates omnis consequatur et. Esse ab officiis expedita omnis et qui impedit dicta.</p>\n\n<p>Et ratione iste quaerat. Illum assumenda magni rerum animi iure repellat. Praesentium dignissimos assumenda velit.</p>\n\n<p>Et fugit blanditiis est sit nihil nobis id. Ipsam distinctio voluptatem unde illo. Est perspiciatis ut quam ut. Sit vitae doloribus possimus omnis ullam.</p>\n\n<p>Magnam quas voluptatum ab repellat qui. Velit velit repellendus quaerat et. Quos iure ullam magnam similique non. Quia saepe et est aut qui accusamus et.</p>\n', 'home-bg.jpg', 'Meta for Perferendis eveniet quo architecto quae dolorum quaerat qui et repudiandae qui in et ducimus.', 0, 'blog.layouts.post', '0000-00-00 00:00:00', '0000-00-00 00:00:00', '2016-04-03 21:36:16'),
(20, 'at-unde-qui-quia-delectus-ullam-quidem-et-nisi-minus-placeat-id', 'At unde qui quia delectus ullam quidem et nisi minus placeat id.', 'Vero voluptates expedita voluptatem velit possimus sit aliquam sit quis asperiores eum voluptatum non commodi unde veritatis saepe nihil maiores distinctio.', 'Natus et pariatur totam qui. Veritatis quaerat dolorem quibusdam cumque facilis nesciunt. Id incidunt aspernatur voluptate et nam. Consequatur nesciunt quo sit consequatur fuga dolor itaque.\n\nDolore similique temporibus aperiam accusamus. Consequatur qui incidunt doloribus molestias qui. Sequi numquam sint a quas. Quia unde error corporis iure perspiciatis beatae facere.\n\nAtque at et quidem dolores. Et corporis libero dolorem eum dolorum. Vero non officia temporibus est. Sit odit omnis dolor ipsa odio quis ad.', '<p>Natus et pariatur totam qui. Veritatis quaerat dolorem quibusdam cumque facilis nesciunt. Id incidunt aspernatur voluptate et nam. Consequatur nesciunt quo sit consequatur fuga dolor itaque.</p>\n\n<p>Dolore similique temporibus aperiam accusamus. Consequatur qui incidunt doloribus molestias qui. Sequi numquam sint a quas. Quia unde error corporis iure perspiciatis beatae facere.</p>\n\n<p>Atque at et quidem dolores. Et corporis libero dolorem eum dolorum. Vero non officia temporibus est. Sit odit omnis dolor ipsa odio quis ad.</p>\n', 'contact-bg.jpg', 'Meta for At unde qui quia delectus ullam quidem et nisi minus placeat id.', 0, 'blog.layouts.post', '0000-00-00 00:00:00', '0000-00-00 00:00:00', '2016-04-13 03:13:19'),
(21, 'reprehenderit-modi-sint-quasi-et-quia-provident-et-nostrum-minima-consequatur', 'Reprehenderit modi sint quasi et quia provident et nostrum minima consequatur.', 'Praesentium velit molestiae reprehenderit consequatur eius iure repudiandae qui quia numquam ea illo voluptatem velit.', 'Et ad maxime possimus repellat eaque officiis dolor. Quia veniam et sit et omnis est. Consequuntur ea necessitatibus pariatur cum sunt enim.\n\nEt est quo numquam non a. Sed ex eum sit nostrum nesciunt quidem doloremque sint. Neque et eum nisi eos ut maiores veritatis est. Aut ex quia numquam.\n\nNatus libero rerum aut qui dolore. Soluta excepturi qui perspiciatis exercitationem suscipit aliquid aut. Harum nemo minus et blanditiis. Temporibus nihil cum distinctio et.\n\nEst consequatur repudiandae aspernatur. Et ab nostrum qui. In aspernatur vitae culpa temporibus odit.\n\nEos nulla neque explicabo. Vel suscipit animi consequatur magni. Aut velit nostrum ut beatae consequatur error. Doloribus voluptatibus impedit ea veritatis.', '<p>Et ad maxime possimus repellat eaque officiis dolor. Quia veniam et sit et omnis est. Consequuntur ea necessitatibus pariatur cum sunt enim.</p>\n\n<p>Et est quo numquam non a. Sed ex eum sit nostrum nesciunt quidem doloremque sint. Neque et eum nisi eos ut maiores veritatis est. Aut ex quia numquam.</p>\n\n<p>Natus libero rerum aut qui dolore. Soluta excepturi qui perspiciatis exercitationem suscipit aliquid aut. Harum nemo minus et blanditiis. Temporibus nihil cum distinctio et.</p>\n\n<p>Est consequatur repudiandae aspernatur. Et ab nostrum qui. In aspernatur vitae culpa temporibus odit.</p>\n\n<p>Eos nulla neque explicabo. Vel suscipit animi consequatur magni. Aut velit nostrum ut beatae consequatur error. Doloribus voluptatibus impedit ea veritatis.</p>\n', 'post-bg.jpg', 'Meta for Reprehenderit modi sint quasi et quia provident et nostrum minima consequatur.', 0, 'blog.layouts.post', '0000-00-00 00:00:00', '0000-00-00 00:00:00', '2016-04-17 08:41:16'),
(22, 'eius-et-consequuntur-ullam-modi-accusamus-deleniti-fugit', 'Eius et consequuntur ullam modi accusamus deleniti fugit.', 'Cupiditate officia saepe sit quasi suscipit et omnis.', 'Dolorum fuga omnis ut laboriosam nam. Dolorum est qui aut nesciunt quis voluptatum id molestias. Illo optio maiores quae ex vero. A velit placeat necessitatibus culpa reiciendis incidunt porro.\n\nIpsam qui quo tempore distinctio. Rerum voluptas laboriosam soluta quia pariatur et. Voluptates aliquam neque nemo doloribus.\n\nConsectetur reiciendis et facere eum. Maiores ut esse sit molestias voluptates molestiae. Quia libero facilis placeat autem et ab aliquam.', '<p>Dolorum fuga omnis ut laboriosam nam. Dolorum est qui aut nesciunt quis voluptatum id molestias. Illo optio maiores quae ex vero. A velit placeat necessitatibus culpa reiciendis incidunt porro.</p>\n\n<p>Ipsam qui quo tempore distinctio. Rerum voluptas laboriosam soluta quia pariatur et. Voluptates aliquam neque nemo doloribus.</p>\n\n<p>Consectetur reiciendis et facere eum. Maiores ut esse sit molestias voluptates molestiae. Quia libero facilis placeat autem et ab aliquam.</p>\n', 'home-bg.jpg', 'Meta for Eius et consequuntur ullam modi accusamus deleniti fugit.', 0, 'blog.layouts.post', '0000-00-00 00:00:00', '0000-00-00 00:00:00', '2016-04-06 10:03:17'),
(23, 'sit-et-quis-consectetur', 'Sit et quis consectetur.', 'Id dolor corporis quo voluptates quia ut quos aperiam aut rerum sed eum error ut.', 'Non sint ratione eligendi laudantium. Officiis omnis rerum vero recusandae quasi. Occaecati quam ut enim expedita ut non beatae.\n\nQuo earum eum officia quo aspernatur. Quo rerum omnis commodi autem. Vel eius consectetur repudiandae eius. Doloremque incidunt quae et voluptates at quam et.\n\nConsequuntur quo facilis soluta assumenda magni. Eaque magni esse dignissimos sed vel. Non perspiciatis esse ex. Quis necessitatibus sed mollitia.\n\nSuscipit corporis explicabo delectus. Pariatur et sed unde inventore. Omnis sunt eum eveniet. Suscipit iure doloribus sint aut ut.\n\nVitae dolore illum exercitationem suscipit praesentium qui. Voluptates eos perspiciatis magni quia harum reiciendis ab. Expedita tempore et rerum possimus. Enim iure iure impedit doloremque optio dolores.', '<p>Non sint ratione eligendi laudantium. Officiis omnis rerum vero recusandae quasi. Occaecati quam ut enim expedita ut non beatae.</p>\n\n<p>Quo earum eum officia quo aspernatur. Quo rerum omnis commodi autem. Vel eius consectetur repudiandae eius. Doloremque incidunt quae et voluptates at quam et.</p>\n\n<p>Consequuntur quo facilis soluta assumenda magni. Eaque magni esse dignissimos sed vel. Non perspiciatis esse ex. Quis necessitatibus sed mollitia.</p>\n\n<p>Suscipit corporis explicabo delectus. Pariatur et sed unde inventore. Omnis sunt eum eveniet. Suscipit iure doloribus sint aut ut.</p>\n\n<p>Vitae dolore illum exercitationem suscipit praesentium qui. Voluptates eos perspiciatis magni quia harum reiciendis ab. Expedita tempore et rerum possimus. Enim iure iure impedit doloremque optio dolores.</p>\n', 'contact-bg.jpg', 'Meta for Sit et quis consectetur.', 0, 'blog.layouts.post', '0000-00-00 00:00:00', '0000-00-00 00:00:00', '2016-04-18 04:24:31'),
(24, 'reiciendis-eligendi-tempore-quisquam-sit-excepturi-qui-omnis', 'Reiciendis eligendi tempore quisquam sit excepturi qui omnis.', 'Voluptas qui ipsa porro sequi itaque excepturi illum itaque nam amet sequi impedit inventore voluptas rerum vel magnam nisi.', '###Quia velit eos###\r\n\r\n* labore sint. Et consectetur quisquam nesciunt quia sint ratione ipsa. Omnis necessitatibus voluptas necessitatibus. Minima quo est totam dolores fuga.\r\n\r\n\r\n*Ad aut autem qui rerum. Debitis sed explicabo qui tempora aliquam sapiente aut eaque. Delectus explicabo et cumque temporibus eius.\r\n\r\n\r\n*Consequatur voluptatem modi fugiat rerum tempore corporis nostrum. Minima tempore vitae et libero quae. Accusamus enim est laborum. Blanditiis nemo voluptatem voluptatem nostrum autem est iure. Porro distinctio laborum atque at placeat vel magnam nemo.\r\n\r\n\r\n*Sit fugit cupiditate quis velit. Est assumenda a quia non facilis ipsum. Autem sint aut ipsa qui consequatur sed.\r\n\r\nNon minus iste error voluptas itaque repudiandae. Praesentium qui dolores voluptas praesentium. Ut eum aliquam exercitationem nam rerum qui. Ut consequatur rerum sed molestias ex nesciunt.\r\n\r\nBeatae debitis rerum voluptatem autem ipsum. Eos magnam ipsum voluptas sit consectetur. Voluptatem ex deserunt aut quidem. Magnam vero natus perferendis id maiores. Vero laudantium ducimus vero sed.', '<h3>Quia velit eos</h3>\n\n<ul>\n<li>labore sint. Et consectetur quisquam nesciunt quia sint ratione ipsa. Omnis necessitatibus voluptas necessitatibus. Minima quo est totam dolores fuga.</li>\n</ul>\n\n<p>*Ad aut autem qui rerum. Debitis sed explicabo qui tempora aliquam sapiente aut eaque. Delectus explicabo et cumque temporibus eius.</p>\n\n<p>*Consequatur voluptatem modi fugiat rerum tempore corporis nostrum. Minima tempore vitae et libero quae. Accusamus enim est laborum. Blanditiis nemo voluptatem voluptatem nostrum autem est iure. Porro distinctio laborum atque at placeat vel magnam nemo.</p>\n\n<p>*Sit fugit cupiditate quis velit. Est assumenda a quia non facilis ipsum. Autem sint aut ipsa qui consequatur sed.</p>\n\n<p>Non minus iste error voluptas itaque repudiandae. Praesentium qui dolores voluptas praesentium. Ut eum aliquam exercitationem nam rerum qui. Ut consequatur rerum sed molestias ex nesciunt.</p>\n\n<p>Beatae debitis rerum voluptatem autem ipsum. Eos magnam ipsum voluptas sit consectetur. Voluptatem ex deserunt aut quidem. Magnam vero natus perferendis id maiores. Vero laudantium ducimus vero sed.</p>\n', 'post-bg.jpg', '                                                                                Meta for Reiciendis eligendi tempore quisquam sit excepturi qui omnis.\r\n                \r\n                \r\n                \r\n                ', 0, 'blog.layouts.post', '0000-00-00 00:00:00', '2016-04-30 11:44:53', '2016-04-30 03:33:00'),
(25, 'sit-sint-corporis-molestiae-necessitatibus-adipisci-doloremque-atque-consectetur-reiciendis', 'Sit sint corporis molestiae necessitatibus adipisci doloremque atque consectetur reiciendis.', 'Sed temporibus omnis laudantium odio et quis et quia doloribus dolorem occaecati sit dolorem sint nulla repellendus qui blanditiis tempora id consectetur.', 'Placeat quibusdam mollitia distinctio voluptatem commodi. Reiciendis velit velit ducimus quasi.\n\nVeritatis repudiandae occaecati adipisci libero architecto impedit ipsa iure. Debitis voluptates atque ea iusto veniam beatae maxime. Sit voluptatem maxime labore maiores vel ex aut iusto.\n\nAt facere voluptatem eligendi consequuntur nobis libero reprehenderit. Quasi aut laudantium dolores autem qui quis fugiat. Temporibus quibusdam nihil debitis. Molestiae dolorem laborum officia dolor delectus aliquid.\n\nNeque dolorum id nulla deleniti. Quia enim perferendis aut nesciunt sequi animi labore. Quo eum eius velit id. A itaque iure consequatur et dicta mollitia.\n\nUt tenetur magni sit. Eos nihil tenetur eveniet neque autem facere excepturi ut. Reprehenderit magni vitae quo ipsum et et. Et ex velit vero placeat quia officiis maxime accusamus.', '<p>Placeat quibusdam mollitia distinctio voluptatem commodi. Reiciendis velit velit ducimus quasi.</p>\n\n<p>Veritatis repudiandae occaecati adipisci libero architecto impedit ipsa iure. Debitis voluptates atque ea iusto veniam beatae maxime. Sit voluptatem maxime labore maiores vel ex aut iusto.</p>\n\n<p>At facere voluptatem eligendi consequuntur nobis libero reprehenderit. Quasi aut laudantium dolores autem qui quis fugiat. Temporibus quibusdam nihil debitis. Molestiae dolorem laborum officia dolor delectus aliquid.</p>\n\n<p>Neque dolorum id nulla deleniti. Quia enim perferendis aut nesciunt sequi animi labore. Quo eum eius velit id. A itaque iure consequatur et dicta mollitia.</p>\n\n<p>Ut tenetur magni sit. Eos nihil tenetur eveniet neque autem facere excepturi ut. Reprehenderit magni vitae quo ipsum et et. Et ex velit vero placeat quia officiis maxime accusamus.</p>\n', 'home-bg.jpg', 'Meta for Sit sint corporis molestiae necessitatibus adipisci doloremque atque consectetur reiciendis.', 0, 'blog.layouts.post', '0000-00-00 00:00:00', '0000-00-00 00:00:00', '2016-04-06 09:36:06');
INSERT INTO `posts` (`id`, `slug`, `title`, `subtitle`, `content_raw`, `content_html`, `page_image`, `meta_description`, `is_draft`, `layout`, `created_at`, `updated_at`, `published_at`) VALUES
(26, 'velit-omnis-ab-quos-distinctio-laboriosam', 'Velit omnis ab quos distinctio laboriosam.', 'Voluptas ipsa at ea cumque minus qui.', 'Hic eos qui esse mollitia necessitatibus aut vel. Debitis consequatur qui quidem. Dolorem ipsam est et nam.\n\nCupiditate voluptas corporis est quis delectus. Fugit fugiat minima error qui. Quia corporis tempora consequatur facere asperiores. Voluptatibus adipisci minima quia rerum occaecati.\n\nQuia sint velit labore in. Et reprehenderit sit molestiae rerum illum in odio. Cum ut a qui ab dicta. Reiciendis similique ut dolore. Pariatur rerum cum vero cumque magnam beatae laboriosam qui.\n\nEt dicta id neque. Voluptatem laudantium sit dolore sint. Dicta ut ab rerum ducimus commodi et.\n\nSint deserunt accusantium eligendi voluptas aliquid. Vitae sequi tempore et illo nam vel porro. Autem sint molestias non est omnis natus impedit est.', '<p>Hic eos qui esse mollitia necessitatibus aut vel. Debitis consequatur qui quidem. Dolorem ipsam est et nam.</p>\n\n<p>Cupiditate voluptas corporis est quis delectus. Fugit fugiat minima error qui. Quia corporis tempora consequatur facere asperiores. Voluptatibus adipisci minima quia rerum occaecati.</p>\n\n<p>Quia sint velit labore in. Et reprehenderit sit molestiae rerum illum in odio. Cum ut a qui ab dicta. Reiciendis similique ut dolore. Pariatur rerum cum vero cumque magnam beatae laboriosam qui.</p>\n\n<p>Et dicta id neque. Voluptatem laudantium sit dolore sint. Dicta ut ab rerum ducimus commodi et.</p>\n\n<p>Sint deserunt accusantium eligendi voluptas aliquid. Vitae sequi tempore et illo nam vel porro. Autem sint molestias non est omnis natus impedit est.</p>\n', 'contact-bg.jpg', 'Meta for Velit omnis ab quos distinctio laboriosam.', 0, 'blog.layouts.post', '0000-00-00 00:00:00', '0000-00-00 00:00:00', '2016-04-19 02:08:33'),
(27, 'laborum-ut-possimus-necessitatibus-quos', 'Laborum ut possimus necessitatibus quos.', 'Enim dolor et non velit et iste deserunt voluptate et soluta quis.', 'Dolores architecto error dolore doloribus commodi rem. Quasi dolor quibusdam reiciendis. Ea facere at praesentium natus quisquam ad. Rerum dolorum deserunt saepe qui aut labore porro.\n\nEt eius doloremque quo est pariatur fugiat. Officia aut ut sequi incidunt quam. Non velit consequatur optio nemo esse. Enim aut in dolore consectetur provident cum ut alias. Magni velit ut id aliquid libero.\n\nVelit aut aut quos nulla. Perspiciatis ea deserunt nam. Exercitationem consequuntur incidunt recusandae.\n\nDoloribus ut maxime voluptas delectus. Aut quis accusamus ducimus enim at delectus. Autem explicabo sequi animi labore nihil possimus. Ipsa error molestiae eveniet.\n\nUnde vel ea earum atque. Praesentium consequuntur voluptatem consequatur eligendi non. Vel molestiae dolor assumenda assumenda molestiae qui.\n\nDolorum molestiae ut non amet nesciunt eveniet dicta. Eligendi ipsum nihil sed quis numquam enim consequatur. Ipsam nemo eos ea provident ea et.', '<p>Dolores architecto error dolore doloribus commodi rem. Quasi dolor quibusdam reiciendis. Ea facere at praesentium natus quisquam ad. Rerum dolorum deserunt saepe qui aut labore porro.</p>\n\n<p>Et eius doloremque quo est pariatur fugiat. Officia aut ut sequi incidunt quam. Non velit consequatur optio nemo esse. Enim aut in dolore consectetur provident cum ut alias. Magni velit ut id aliquid libero.</p>\n\n<p>Velit aut aut quos nulla. Perspiciatis ea deserunt nam. Exercitationem consequuntur incidunt recusandae.</p>\n\n<p>Doloribus ut maxime voluptas delectus. Aut quis accusamus ducimus enim at delectus. Autem explicabo sequi animi labore nihil possimus. Ipsa error molestiae eveniet.</p>\n\n<p>Unde vel ea earum atque. Praesentium consequuntur voluptatem consequatur eligendi non. Vel molestiae dolor assumenda assumenda molestiae qui.</p>\n\n<p>Dolorum molestiae ut non amet nesciunt eveniet dicta. Eligendi ipsum nihil sed quis numquam enim consequatur. Ipsam nemo eos ea provident ea et.</p>\n', 'home-bg.jpg', 'Meta for Laborum ut possimus necessitatibus quos.', 0, 'blog.layouts.post', '0000-00-00 00:00:00', '0000-00-00 00:00:00', '2016-04-17 05:30:04'),
(28, 'quos-sequi-fuga-sdsadas', 'Quos sequi fuga sdsadas', 'Est aspernatur laborum et qui quis voluptas quidem sapiente suscipit iure voluptatibus qui molestiae et adipisci laudantium.', 'Ut earum corporis earum consectetur illo architecto laudantium. Aut distinctio ipsum voluptatibus magnam error. Itaque harum dicta maiores. Repellendus voluptas labore iusto laboriosam illo aliquid.\r\n\r\nEaque facilis consectetur est voluptatibus officiis enim exercitationem. Qui eum ducimus sed modi. Et harum voluptatibus fugit est ad. Mollitia velit dolore ut odit nemo non est illum. Error ducimus veritatis voluptatem at.\r\n\r\nNisi iusto at quia omnis sit iusto. Qui sunt recusandae excepturi eius numquam ea modi. Adipisci sit repellendus ea cum dolor vel.\r\n\r\nBeatae illo asperiores et unde. Tempora ut minus sunt delectus amet tempora tempore sint. Dicta aut incidunt vero dolore.', '<p>Ut earum corporis earum consectetur illo architecto laudantium. Aut distinctio ipsum voluptatibus magnam error. Itaque harum dicta maiores. Repellendus voluptas labore iusto laboriosam illo aliquid.</p>\n\n<p>Eaque facilis consectetur est voluptatibus officiis enim exercitationem. Qui eum ducimus sed modi. Et harum voluptatibus fugit est ad. Mollitia velit dolore ut odit nemo non est illum. Error ducimus veritatis voluptatem at.</p>\n\n<p>Nisi iusto at quia omnis sit iusto. Qui sunt recusandae excepturi eius numquam ea modi. Adipisci sit repellendus ea cum dolor vel.</p>\n\n<p>Beatae illo asperiores et unde. Tempora ut minus sunt delectus amet tempora tempore sint. Dicta aut incidunt vero dolore.</p>\n', 'about-bg.jpg', '                                        Meta for Quos sequi fuga.\r\n                \r\n                ', 0, 'blog.layouts.post', '0000-00-00 00:00:00', '2016-04-30 09:20:13', '2016-04-29 06:28:00'),
(29, 'magnam-repudiandae-voluptates-a', 'Magnam repudiandae voluptates a.', 'Exercitationem soluta similique facere illo soluta optio rerum dolorem quisquam enim numquam.', 'Aut exercitationem perspiciatis explicabo ipsa ut rerum. Nemo enim voluptas qui iste nam. Iusto dolorem porro amet aliquid iusto.\n\nFugit omnis officia possimus ut ratione laudantium vero. Voluptate non magni hic maiores. Impedit similique ratione recusandae ipsa odit.\n\nEt dignissimos explicabo nobis nesciunt id pariatur omnis ab. Est quod itaque saepe voluptatem. Est error explicabo quasi culpa voluptatum.\n\nVoluptatem iste aliquam totam qui quia. Eum possimus vel est qui. Quae architecto minus quis ad consequuntur. Veniam deserunt minima aperiam ad.\n\nEos architecto repellendus similique mollitia tempore neque voluptas. Praesentium ut hic esse qui et dolore fugit error. Vel doloremque modi impedit minus veniam eum. Dolorum est assumenda et et quis odio.\n\nMolestiae saepe excepturi aut minus tempora voluptatem ad. Aliquam tempora cupiditate occaecati tempore consequatur qui. Voluptatibus cum aut voluptas dolore qui magni atque. Nihil ut animi aliquid voluptate soluta.', '<p>Aut exercitationem perspiciatis explicabo ipsa ut rerum. Nemo enim voluptas qui iste nam. Iusto dolorem porro amet aliquid iusto.</p>\n\n<p>Fugit omnis officia possimus ut ratione laudantium vero. Voluptate non magni hic maiores. Impedit similique ratione recusandae ipsa odit.</p>\n\n<p>Et dignissimos explicabo nobis nesciunt id pariatur omnis ab. Est quod itaque saepe voluptatem. Est error explicabo quasi culpa voluptatum.</p>\n\n<p>Voluptatem iste aliquam totam qui quia. Eum possimus vel est qui. Quae architecto minus quis ad consequuntur. Veniam deserunt minima aperiam ad.</p>\n\n<p>Eos architecto repellendus similique mollitia tempore neque voluptas. Praesentium ut hic esse qui et dolore fugit error. Vel doloremque modi impedit minus veniam eum. Dolorum est assumenda et et quis odio.</p>\n\n<p>Molestiae saepe excepturi aut minus tempora voluptatem ad. Aliquam tempora cupiditate occaecati tempore consequatur qui. Voluptatibus cum aut voluptas dolore qui magni atque. Nihil ut animi aliquid voluptate soluta.</p>\n', 'post-bg.jpg', 'Meta for Magnam repudiandae voluptates a.', 0, 'blog.layouts.post', '0000-00-00 00:00:00', '0000-00-00 00:00:00', '2016-04-04 00:39:11'),
(30, 'voluptatem-suscipit-asperiores-voluptatem', 'Voluptatem suscipit asperiores voluptatem.', 'Aut tempore tempore expedita amet perspiciatis eaque corrupti nostrum assumenda deleniti dolores eum similique odio sequi impedit commodi dolores accusantium quos error ex.', 'Repellendus iste qui labore assumenda aut modi quas. Quo dolores atque natus nisi qui.\n\nIusto et id et accusamus architecto nihil. Inventore sunt dolorum ut dolorum. Nihil optio enim ea debitis quam. Molestiae sit vel provident voluptatem dolorem modi et.\n\nImpedit cum ut doloribus illo dolores. Eum voluptatem et aliquam non et iure. Voluptatem ut nesciunt officia qui omnis. Porro autem sapiente saepe saepe.\n\nEum rerum architecto enim itaque ut sint. Est ullam ea placeat est consectetur facilis sed. Animi aut sint tempora nostrum aut vitae vel.', '<p>Repellendus iste qui labore assumenda aut modi quas. Quo dolores atque natus nisi qui.</p>\n\n<p>Iusto et id et accusamus architecto nihil. Inventore sunt dolorum ut dolorum. Nihil optio enim ea debitis quam. Molestiae sit vel provident voluptatem dolorem modi et.</p>\n\n<p>Impedit cum ut doloribus illo dolores. Eum voluptatem et aliquam non et iure. Voluptatem ut nesciunt officia qui omnis. Porro autem sapiente saepe saepe.</p>\n\n<p>Eum rerum architecto enim itaque ut sint. Est ullam ea placeat est consectetur facilis sed. Animi aut sint tempora nostrum aut vitae vel.</p>\n', 'about-bg.jpg', 'Meta for Voluptatem suscipit asperiores voluptatem.', 0, 'blog.layouts.post', '0000-00-00 00:00:00', '0000-00-00 00:00:00', '2016-04-13 02:30:22');

-- --------------------------------------------------------

--
-- 表的结构 `post_tag_pivot`
--

CREATE TABLE `post_tag_pivot` (
  `id` int(10) UNSIGNED NOT NULL,
  `post_id` int(10) UNSIGNED NOT NULL,
  `tag_id` int(10) UNSIGNED NOT NULL
) ENGINE=InnoDB DEFAULT CHARSET=utf8 COLLATE=utf8_unicode_ci;

--
-- 转存表中的数据 `post_tag_pivot`
--

INSERT INTO `post_tag_pivot` (`id`, `post_id`, `tag_id`) VALUES
(1, 1, 2),
(4, 4, 5),
(5, 4, 4),
(6, 5, 6),
(7, 6, 2),
(8, 7, 6),
(9, 7, 9),
(10, 8, 5),
(11, 9, 3),
(12, 11, 9),
(14, 12, 9),
(15, 13, 2),
(16, 14, 6),
(17, 17, 6),
(18, 17, 4),
(19, 18, 9),
(20, 21, 4),
(22, 24, 10),
(23, 24, 4),
(24, 25, 8),
(25, 26, 9),
(26, 28, 5),
(27, 28, 4),
(28, 29, 5),
(29, 30, 7);

-- --------------------------------------------------------

--
-- 表的结构 `tags`
--

CREATE TABLE `tags` (
  `id` int(10) UNSIGNED NOT NULL,
  `tag` varchar(255) COLLATE utf8_unicode_ci NOT NULL,
  `title` varchar(255) COLLATE utf8_unicode_ci NOT NULL,
  `subtitle` varchar(255) COLLATE utf8_unicode_ci NOT NULL,
  `page_image` varchar(255) COLLATE utf8_unicode_ci NOT NULL,
  `meta_description` varchar(255) COLLATE utf8_unicode_ci NOT NULL,
  `layout` varchar(255) COLLATE utf8_unicode_ci NOT NULL DEFAULT 'blog.layouts.index',
  `reverse_direction` tinyint(1) NOT NULL,
  `created_at` timestamp NOT NULL DEFAULT '0000-00-00 00:00:00',
  `updated_at` timestamp NOT NULL DEFAULT '0000-00-00 00:00:00'
) ENGINE=InnoDB DEFAULT CHARSET=utf8 COLLATE=utf8_unicode_ci;

--
-- 转存表中的数据 `tags`
--

INSERT INTO `tags` (`id`, `tag`, `title`, `subtitle`, `page_image`, `meta_description`, `layout`, `reverse_direction`, `created_at`, `updated_at`) VALUES
(2, 'porro', 'Porro', 'Repellat ab sunt et aut et.', 'post-bg.jpg', 'Meta for porro', 'blog.layouts.index', 0, '0000-00-00 00:00:00', '0000-00-00 00:00:00'),
(3, 'suscipit', 'Suscipit', 'Magni vitae itaque eos et exercitationem.', 'contact-bg.jpg', 'Meta for suscipit', 'blog.layouts.index', 0, '0000-00-00 00:00:00', '0000-00-00 00:00:00'),
(4, 'sunt', 'Sunt', 'Consequatur cumque iusto quaerat non.', 'post-bg.jpg', 'Meta for sunt', 'blog.layouts.index', 0, '0000-00-00 00:00:00', '0000-00-00 00:00:00'),
(5, 'sint', 'Sint', 'Et nostrum rerum dolor qui.', 'contact-bg.jpg', 'Meta for sint', 'blog.layouts.index', 0, '0000-00-00 00:00:00', '0000-00-00 00:00:00'),
(6, 'dolor', 'Dolor', 'Eius id id cum ut.', 'home-bg.jpg', 'Meta for dolor', 'blog.layouts.index', 0, '0000-00-00 00:00:00', '0000-00-00 00:00:00'),
(7, 'qui', 'Qui', 'Ut labore recusandae a quam aperiam sint dolorum.', 'about-bg.jpg', 'Meta for qui', 'blog.layouts.index', 0, '0000-00-00 00:00:00', '0000-00-00 00:00:00'),
(8, 'laboriosam', 'Laboriosam', 'Neque veniam qui eveniet occaecati voluptatem est.', 'home-bg.jpg', 'Meta for laboriosam', 'blog.layouts.index', 0, '0000-00-00 00:00:00', '0000-00-00 00:00:00'),
(9, 'ducimus', 'Ducimus', 'Quo quibusdam non sit explicabo.', 'contact-bg.jpg', 'Meta for ducimus', 'blog.layouts.index', 0, '0000-00-00 00:00:00', '0000-00-00 00:00:00'),
(10, 'deserunt', 'Deserunt', 'Repudiandae eveniet voluptate earum et quibusdam et id quis.', 'contact-bg.jpg', 'Meta for deserunt', 'blog.layouts.index', 0, '0000-00-00 00:00:00', '0000-00-00 00:00:00');

-- --------------------------------------------------------

--
-- 表的结构 `users`
--

CREATE TABLE `users` (
  `id` int(10) UNSIGNED NOT NULL,
  `name` varchar(255) COLLATE utf8_unicode_ci NOT NULL,
  `email` varchar(255) COLLATE utf8_unicode_ci NOT NULL,
  `password` varchar(60) COLLATE utf8_unicode_ci NOT NULL,
  `remember_token` varchar(100) COLLATE utf8_unicode_ci DEFAULT NULL,
  `created_at` timestamp NOT NULL DEFAULT '0000-00-00 00:00:00',
  `updated_at` timestamp NOT NULL DEFAULT '0000-00-00 00:00:00'
) ENGINE=InnoDB DEFAULT CHARSET=utf8 COLLATE=utf8_unicode_ci;

--
-- 转存表中的数据 `users`
--

INSERT INTO `users` (`id`, `name`, `email`, `password`, `remember_token`, `created_at`, `updated_at`) VALUES
(1, 'Admin-cjx', '474916459@qq.com', '$2y$10$Mol0sDLC8R7EIxFHSc8F2Owaf4B7G0qIU9zyzBMomcMJ/KVh3J9nK', 'NU4JLAI2KY12bmwtUA8qYwf9hKl8eKYI4O0igWT2L26j0OcqToj6qlCVPlPr', '2016-04-25 08:42:11', '2016-04-25 12:30:46');

--
-- Indexes for dumped tables
--

--
-- Indexes for table `jobs`
--
ALTER TABLE `jobs`
  ADD PRIMARY KEY (`id`),
  ADD KEY `jobs_queue_reserved_reserved_at_index` (`queue`,`reserved`,`reserved_at`);

--
-- Indexes for table `password_resets`
--
ALTER TABLE `password_resets`
  ADD KEY `password_resets_email_index` (`email`),
  ADD KEY `password_resets_token_index` (`token`);

--
-- Indexes for table `posts`
--
ALTER TABLE `posts`
  ADD PRIMARY KEY (`id`),
  ADD UNIQUE KEY `posts_slug_unique` (`slug`),
  ADD KEY `posts_published_at_index` (`published_at`);

--
-- Indexes for table `post_tag_pivot`
--
ALTER TABLE `post_tag_pivot`
  ADD PRIMARY KEY (`id`),
  ADD KEY `post_tag_pivot_post_id_index` (`post_id`),
  ADD KEY `post_tag_pivot_tag_id_index` (`tag_id`);

--
-- Indexes for table `tags`
--
ALTER TABLE `tags`
  ADD PRIMARY KEY (`id`),
  ADD UNIQUE KEY `tags_tag_unique` (`tag`);

--
-- Indexes for table `users`
--
ALTER TABLE `users`
  ADD PRIMARY KEY (`id`),
  ADD UNIQUE KEY `users_email_unique` (`email`);

--
-- 在导出的表使用AUTO_INCREMENT
--

--
-- 使用表AUTO_INCREMENT `jobs`
--
ALTER TABLE `jobs`
  MODIFY `id` bigint(20) UNSIGNED NOT NULL AUTO_INCREMENT;
--
-- 使用表AUTO_INCREMENT `posts`
--
ALTER TABLE `posts`
  MODIFY `id` int(10) UNSIGNED NOT NULL AUTO_INCREMENT, AUTO_INCREMENT=31;
--
-- 使用表AUTO_INCREMENT `post_tag_pivot`
--
ALTER TABLE `post_tag_pivot`
  MODIFY `id` int(10) UNSIGNED NOT NULL AUTO_INCREMENT, AUTO_INCREMENT=30;
--
-- 使用表AUTO_INCREMENT `tags`
--
ALTER TABLE `tags`
  MODIFY `id` int(10) UNSIGNED NOT NULL AUTO_INCREMENT, AUTO_INCREMENT=11;
--
-- 使用表AUTO_INCREMENT `users`
--
ALTER TABLE `users`
  MODIFY `id` int(10) UNSIGNED NOT NULL AUTO_INCREMENT, AUTO_INCREMENT=2;
/*!40101 SET CHARACTER_SET_CLIENT=@OLD_CHARACTER_SET_CLIENT */;
/*!40101 SET CHARACTER_SET_RESULTS=@OLD_CHARACTER_SET_RESULTS */;
/*!40101 SET COLLATION_CONNECTION=@OLD_COLLATION_CONNECTION */;
